{
	"info": {
		"_postman_id": "bbe24732-d744-4e4d-b37b-4da8b78e54e7",
		"name": "produtos-boot",
		"schema": "https://schema.getpostman.com/json/collection/v2.1.0/collection.json"
	},
	"item": [
		{
			"name": "marca",
			"item": [
				{
					"name": "findAll",
					"request": {
						"method": "GET",
						"header": [],
						"url": {
							"raw": "http://localhost:8080/fiap/marca",
							"protocol": "http",
							"host": [
								"localhost"
							],
							"port": "8080",
							"path": [
								"fiap",
								"marca"
							]
						}
					},
					"response": []
				},
				{
					"name": "findById",
					"request": {
						"method": "GET",
						"header": [
							{
								"key": "Content-Type",
								"name": "Content-Type",
								"value": "application/json",
								"type": "text"
							}
						],
						"url": {
							"raw": "http://localhost:8080/fiap/marca/1",
							"protocol": "http",
							"host": [
								"localhost"
							],
							"port": "8080",
							"path": [
								"fiap",
								"marca",
								"1"
							]
						}
					},
					"response": []
				},
				{
					"name": "save",
					"request": {
						"method": "POST",
						"header": [
							{
								"key": "Content-Type",
								"name": "Content-Type",
								"value": "application/json",
								"type": "text"
							}
						],
						"body": {
							"mode": "raw",
							"raw": "{\n    \"nomeMarca\": \"Philips\"\n}",
							"options": {
								"raw": {
									"language": "json"
								}
							}
						},
						"url": {
							"raw": "http://localhost:8080/fiap/marca",
							"protocol": "http",
							"host": [
								"localhost"
							],
							"port": "8080",
							"path": [
								"fiap",
								"marca"
							]
						}
					},
					"response": []
				},
				{
					"name": "edit",
					"request": {
						"method": "PUT",
						"header": [
							{
								"key": "Content-Type",
								"name": "Content-Type",
								"value": "application/json",
								"type": "text"
							}
						],
						"body": {
							"mode": "raw",
							"raw": "    {\n        \"idMarca\": 1,\n        \"nomeMarca\": \"LG Editado\"\n    }",
							"options": {
								"raw": {
									"language": "json"
								}
							}
						},
						"url": {
							"raw": "http://localhost:8080/fiap/marca/1",
							"protocol": "http",
							"host": [
								"localhost"
							],
							"port": "8080",
							"path": [
								"fiap",
								"marca",
								"1"
							]
						}
					},
					"response": []
				},
				{
					"name": "deleteById",
					"request": {
						"method": "DELETE",
						"header": [],
						"url": {
							"raw": "http://localhost:8080/fiap/marca/5",
							"protocol": "http",
							"host": [
								"localhost"
							],
							"port": "8080",
							"path": [
								"fiap",
								"marca",
								"5"
							]
						}
					},
					"response": []
				}
			],
			"protocolProfileBehavior": {}
		},
		{
			"name": "categoria",
			"item": [
				{
					"name": "findAll",
					"request": {
						"method": "GET",
						"header": [],
						"url": {
							"raw": "http://localhost:8080/fiap/categoria",
							"protocol": "http",
							"host": [
								"localhost"
							],
							"port": "8080",
							"path": [
								"fiap",
								"categoria"
							]
						}
					},
					"response": []
				},
				{
					"name": "findById",
					"request": {
						"method": "GET",
						"header": [],
						"url": {
							"raw": "http://localhost:8080/fiap/categoria/1",
							"protocol": "http",
							"host": [
								"localhost"
							],
							"port": "8080",
							"path": [
								"fiap",
								"categoria",
								"1"
							]
						}
					},
					"response": []
				},
				{
					"name": "save",
					"request": {
						"method": "POST",
						"header": [
							{
								"key": "Content-Type",
								"name": "Content-Type",
								"value": "application/json",
								"type": "text"
							}
						],
						"body": {
							"mode": "raw",
							"raw": "{\n    \"nomeCategoria\": \"Games\"\n}",
							"options": {
								"raw": {
									"language": "json"
								}
							}
						},
						"url": {
							"raw": "http://localhost:8080/fiap/categoria",
							"protocol": "http",
							"host": [
								"localhost"
							],
							"port": "8080",
							"path": [
								"fiap",
								"categoria"
							]
						}
					},
					"response": []
				},
				{
					"name": "edit",
					"request": {
						"method": "PUT",
						"header": [
							{
								"key": "Content-Type",
								"name": "Content-Type",
								"value": "application/json",
								"type": "text"
							}
						],
						"body": {
							"mode": "raw",
							"raw": "    {\n        \"idCategoria\": 1,\n        \"nomeCategoria\": \"Notebook Editado\"\n    }",
							"options": {
								"raw": {
									"language": "json"
								}
							}
						},
						"url": {
							"raw": "http://localhost:8080/fiap/categoria/1",
							"protocol": "http",
							"host": [
								"localhost"
							],
							"port": "8080",
							"path": [
								"fiap",
								"categoria",
								"1"
							]
						}
					},
					"response": []
				},
				{
					"name": "deleteById",
					"request": {
						"method": "DELETE",
						"header": [],
						"url": {
							"raw": "http://localhost:8080/fiap/categoria/5",
							"protocol": "http",
							"host": [
								"localhost"
							],
							"port": "8080",
							"path": [
								"fiap",
								"categoria",
								"5"
							]
						}
					},
					"response": []
				}
			],
			"protocolProfileBehavior": {}
		},
		{
			"name": "produto",
			"item": [
				{
					"name": "findAll",
					"request": {
						"method": "GET",
						"header": [],
						"url": {
							"raw": "http://localhost:8080/fiap/produto",
							"protocol": "http",
							"host": [
								"localhost"
							],
							"port": "8080",
							"path": [
								"fiap",
								"produto"
							]
						}
					},
					"response": []
				},
				{
					"name": "findById",
					"request": {
						"method": "GET",
						"header": [
							{
								"key": "Content-Type",
								"name": "Content-Type",
								"value": "application/json",
								"type": "text"
							}
						],
						"url": {
							"raw": "http://localhost:8080/fiap/produto/1",
							"protocol": "http",
							"host": [
								"localhost"
							],
							"port": "8080",
							"path": [
								"fiap",
								"produto",
								"1"
							]
						}
					},
					"response": []
				},
				{
					"name": "save",
					"request": {
						"method": "POST",
						"header": [
							{
								"key": "Content-Type",
								"name": "Content-Type",
								"value": "application/json",
								"type": "text"
							}
						],
						"body": {
							"mode": "raw",
							"raw": "{\n\t\"nome\":\"teste\",\n\t\"sku\": \"123455\",\n\t\"descricao\": \"descricao teste\",\n\t\"preco\": 0.10,\n\t\"caracteristicas\": \"caracteristicas teste\",\n\t\"categoria\": {\n        \"idCategoria\": 1\n      },\n    \"marca\": {\n        \"idMarca\": 1\n    }\n}",
							"options": {
								"raw": {
									"language": "json"
								}
							}
						},
						"url": {
							"raw": "http://localhost:8080/fiap/produto",
							"protocol": "http",
							"host": [
								"localhost"
							],
							"port": "8080",
							"path": [
								"fiap",
								"produto"
							]
						}
					},
					"response": []
				},
				{
					"name": "edit",
					"request": {
						"method": "PUT",
						"header": [
							{
								"key": "Content-Type",
								"name": "Content-Type",
								"value": "application/json",
								"type": "text"
							}
						],
						"body": {
							"mode": "raw",
							"raw": "{\n\t\"nome\": \"Nome do produto 1 Editado\",\n    \"sku\": \"sku-0001\",\n    \"descricao\": \"Descrição do Produto 1 Edidado\",\n    \"preco\": 1.99,\n    \"caracteristicas\": \"Características do produto 1\",\n    \"dataLancamento\": \"29/09/2019\",\n\t\"categoria\": {\n        \"idCategoria\": 2\n      },\n    \"marca\": {\n        \"idMarca\": 1\n    }\n}",
							"options": {
								"raw": {
									"language": "json"
								}
							}
						},
						"url": {
							"raw": "http://localhost:8080/fiap/produto/1",
							"protocol": "http",
							"host": [
								"localhost"
							],
							"port": "8080",
							"path": [
								"fiap",
								"produto",
								"1"
							]
						}
					},
					"response": []
				},
				{
					"name": "deleteById",
					"request": {
						"method": "DELETE",
						"header": [],
						"url": {
							"raw": "http://localhost:8080/fiap/produto/5",
							"protocol": "http",
							"host": [
								"localhost"
							],
							"port": "8080",
							"path": [
								"fiap",
								"produto",
								"5"
							]
						}
					},
					"response": []
				}
			],
			"protocolProfileBehavior": {}
		}
	],
	"protocolProfileBehavior": {}
}